"danceability","energy","key","loudness","mode","speechiness","acousticness","instrumentalness","liveness","valence","tempo","type","id","uri","track_href","analysis_url","duration_ms","time_signature"
0.612,0.787,6,-4.026,1,0.033,0.247,0.0000285,0.552,0.556,149.947,audio_features,7bXkppxTtrKF1OKA91xxJA,spotify:track:7bXkppxTtrKF1OKA91xxJA,https://api.spotify.com/v1/tracks/7bXkppxTtrKF1OKA91xxJA,https://api.spotify.com/v1/audio-analysis/7bXkppxTtrKF1OKA91xxJA,369385,4
0.743,0.617,0,-5.868,0,0.0272,0.577,0.000774,0.14,0.467,122.007,audio_features,1PGvDgQD5PaVDfkuUc2MKU,spotify:track:1PGvDgQD5PaVDfkuUc2MKU,https://api.spotify.com/v1/tracks/1PGvDgQD5PaVDfkuUc2MKU,https://api.spotify.com/v1/audio-analysis/1PGvDgQD5PaVDfkuUc2MKU,225121,4
0.637,0.667,6,-4.529,1,0.0274,0.549,0.00000936,0.166,0.381,134.941,audio_features,4c0J0hBJFZGtJKkLnIl4yX,spotify:track:4c0J0hBJFZGtJKkLnIl4yX,https://api.spotify.com/v1/tracks/4c0J0hBJFZGtJKkLnIl4yX,https://api.spotify.com/v1/audio-analysis/4c0J0hBJFZGtJKkLnIl4yX,295921,4
0.608,0.705,11,-4.317,0,0.0305,0.339,0.000143,0.359,0.591,139.862,audio_features,7KqzC1bSRVMymrP5y0Xxr0,spotify:track:7KqzC1bSRVMymrP5y0Xxr0,https://api.spotify.com/v1/tracks/7KqzC1bSRVMymrP5y0Xxr0,https://api.spotify.com/v1/audio-analysis/7KqzC1bSRVMymrP5y0Xxr0,257113,4
0.713,0.623,9,-5.329,0,0.0266,0.627,0.000781,0.145,0.461,124.975,audio_features,5VD2by7wVVW672QGGXgyDf,spotify:track:5VD2by7wVVW672QGGXgyDf,https://api.spotify.com/v1/tracks/5VD2by7wVVW672QGGXgyDf,https://api.spotify.com/v1/audio-analysis/5VD2by7wVVW672QGGXgyDf,404545,4
0.635,0.749,7,-4.852,0,0.0288,0.444,0.00122,0.498,0.442,142.993,audio_features,2s58QYMmavO5XnKUGuYS8o,spotify:track:2s58QYMmavO5XnKUGuYS8o,https://api.spotify.com/v1/tracks/2s58QYMmavO5XnKUGuYS8o,https://api.spotify.com/v1/audio-analysis/2s58QYMmavO5XnKUGuYS8o,279193,4
0.637,0.67,5,-4.44,1,0.0248,0.558,0.000281,0.133,0.466,139.917,audio_features,11Dj591VSnC1ROSRcoKj42,spotify:track:11Dj591VSnC1ROSRcoKj42,https://api.spotify.com/v1/tracks/11Dj591VSnC1ROSRcoKj42,https://api.spotify.com/v1/audio-analysis/11Dj591VSnC1ROSRcoKj42,200929,4
0.646,0.716,1,-4.759,1,0.0262,0.616,0.00000552,0.283,0.696,144.975,audio_features,1BqBW23tz0AjwAXjVSe38I,spotify:track:1BqBW23tz0AjwAXjVSe38I,https://api.spotify.com/v1/tracks/1BqBW23tz0AjwAXjVSe38I,https://api.spotify.com/v1/audio-analysis/1BqBW23tz0AjwAXjVSe38I,274393,4
0.723,0.738,2,-4.083,0,0.0287,0.315,0.0000025,0.182,0.818,145.038,audio_features,5eTM7bzboYrdjVPxDrgVBW,spotify:track:5eTM7bzboYrdjVPxDrgVBW,https://api.spotify.com/v1/tracks/5eTM7bzboYrdjVPxDrgVBW,https://api.spotify.com/v1/audio-analysis/5eTM7bzboYrdjVPxDrgVBW,238465,4
0.59,0.743,0,-4.271,1,0.0327,0.362,0.0000434,0.186,0.538,165.005,audio_features,54saCe70XQEnEg861UJWz3,spotify:track:54saCe70XQEnEg861UJWz3,https://api.spotify.com/v1/tracks/54saCe70XQEnEg861UJWz3,https://api.spotify.com/v1/audio-analysis/54saCe70XQEnEg861UJWz3,275953,4
0.62,0.787,0,-3.815,0,0.0287,0.351,0.00000138,0.215,0.544,146.922,audio_features,4EfKVjySDgztFa7VHikWS3,spotify:track:4EfKVjySDgztFa7VHikWS3,https://api.spotify.com/v1/tracks/4EfKVjySDgztFa7VHikWS3,https://api.spotify.com/v1/audio-analysis/4EfKVjySDgztFa7VHikWS3,262777,4
0.622,0.699,10,-3.731,1,0.0249,0.588,0.0000164,0.224,0.553,133.995,audio_features,616B6XcJNazQitGUe02tOK,spotify:track:616B6XcJNazQitGUe02tOK,https://api.spotify.com/v1/tracks/616B6XcJNazQitGUe02tOK,https://api.spotify.com/v1/audio-analysis/616B6XcJNazQitGUe02tOK,270961,4
0.547,0.758,9,-4.119,1,0.0305,0.321,0.0162,0.25,0.791,160.007,audio_features,4342g9FsRjrSB1P2coa5zk,spotify:track:4342g9FsRjrSB1P2coa5zk,https://api.spotify.com/v1/tracks/4342g9FsRjrSB1P2coa5zk,https://api.spotify.com/v1/audio-analysis/4342g9FsRjrSB1P2coa5zk,283009,4
0.692,0.736,2,-4.507,1,0.0279,0.57,0.0000395,0.28,0.75,139.997,audio_features,7jNg55cQA2UZ8ck3NtSes4,spotify:track:7jNg55cQA2UZ8ck3NtSes4,https://api.spotify.com/v1/tracks/7jNg55cQA2UZ8ck3NtSes4,https://api.spotify.com/v1/audio-analysis/7jNg55cQA2UZ8ck3NtSes4,290857,4
0.507,0.771,7,-2.862,0,0.0338,0.262,0.00000312,0.393,0.682,180.097,audio_features,6f6e0kiTBnKdtKoRk2N6dR,spotify:track:6f6e0kiTBnKdtKoRk2N6dR,https://api.spotify.com/v1/tracks/6f6e0kiTBnKdtKoRk2N6dR,https://api.spotify.com/v1/audio-analysis/6f6e0kiTBnKdtKoRk2N6dR,374835,4
0.522,0.667,3,-3.42,0,0.0272,0.61,0.00000932,0.104,0.132,139.835,audio_features,5Bewy1lhHs1yuKEbMWG22I,spotify:track:5Bewy1lhHs1yuKEbMWG22I,https://api.spotify.com/v1/tracks/5Bewy1lhHs1yuKEbMWG22I,https://api.spotify.com/v1/audio-analysis/5Bewy1lhHs1yuKEbMWG22I,264216,4
0.628,0.814,4,-3.038,0,0.0336,0.221,0,0.0891,0.717,139.92,audio_features,6LrqN8G7cgFyjs5fOUO8EO,spotify:track:6LrqN8G7cgFyjs5fOUO8EO,https://api.spotify.com/v1/tracks/6LrqN8G7cgFyjs5fOUO8EO,https://api.spotify.com/v1/audio-analysis/6LrqN8G7cgFyjs5fOUO8EO,286897,4
0.642,0.77,11,-3.131,0,0.0259,0.335,0,0.191,0.557,129.94,audio_features,5FgxGR33I5LP2U3SKtMRpE,spotify:track:5FgxGR33I5LP2U3SKtMRpE,https://api.spotify.com/v1/tracks/5FgxGR33I5LP2U3SKtMRpE,https://api.spotify.com/v1/audio-analysis/5FgxGR33I5LP2U3SKtMRpE,275670,4
0.603,0.808,2,-2.457,1,0.0289,0.431,0,0.179,0.533,135.022,audio_features,0JpgLZSysxprv6uyNUXuAQ,spotify:track:0JpgLZSysxprv6uyNUXuAQ,https://api.spotify.com/v1/tracks/0JpgLZSysxprv6uyNUXuAQ,https://api.spotify.com/v1/audio-analysis/0JpgLZSysxprv6uyNUXuAQ,344499,4
0.618,0.787,2,-2.841,0,0.027,0.244,0,0.107,0.43,130.023,audio_features,2TH9YuukZjBcxrCpeU1XOQ,spotify:track:2TH9YuukZjBcxrCpeU1XOQ,https://api.spotify.com/v1/tracks/2TH9YuukZjBcxrCpeU1XOQ,https://api.spotify.com/v1/audio-analysis/2TH9YuukZjBcxrCpeU1XOQ,372752,4
0.573,0.782,1,-2.963,0,0.0286,0.43,0,0.0995,0.42,144.771,audio_features,2dPfYl9zSn0cJmTeRThyTl,spotify:track:2dPfYl9zSn0cJmTeRThyTl,https://api.spotify.com/v1/tracks/2dPfYl9zSn0cJmTeRThyTl,https://api.spotify.com/v1/audio-analysis/2dPfYl9zSn0cJmTeRThyTl,301474,4
0.584,0.785,9,-3.154,0,0.0265,0.298,0.00000217,0.096,0.633,149.917,audio_features,4Uoyzrr1mvJLObULFP4ohu,spotify:track:4Uoyzrr1mvJLObULFP4ohu,https://api.spotify.com/v1/tracks/4Uoyzrr1mvJLObULFP4ohu,https://api.spotify.com/v1/audio-analysis/4Uoyzrr1mvJLObULFP4ohu,373309,4
0.644,0.814,4,-2.36,1,0.0336,0.174,0,0.0901,0.538,145.005,audio_features,3FISLmsVmhTExY8ZYWQnkR,spotify:track:3FISLmsVmhTExY8ZYWQnkR,https://api.spotify.com/v1/tracks/3FISLmsVmhTExY8ZYWQnkR,https://api.spotify.com/v1/audio-analysis/3FISLmsVmhTExY8ZYWQnkR,286945,4
0.596,0.832,11,-2.623,1,0.0287,0.314,0,0.356,0.552,92.46,audio_features,3ZQVwSXqbQQu71e18niRCs,spotify:track:3ZQVwSXqbQQu71e18niRCs,https://api.spotify.com/v1/tracks/3ZQVwSXqbQQu71e18niRCs,https://api.spotify.com/v1/audio-analysis/3ZQVwSXqbQQu71e18niRCs,363305,4
0.63,0.703,7,-3.217,1,0.0253,0.191,0,0.16,0.439,130.005,audio_features,0WdahQlACz8wf8vdSPvwwp,spotify:track:0WdahQlACz8wf8vdSPvwwp,https://api.spotify.com/v1/tracks/0WdahQlACz8wf8vdSPvwwp,https://api.spotify.com/v1/audio-analysis/0WdahQlACz8wf8vdSPvwwp,359580,4
0.669,0.772,2,-2.98,0,0.0255,0.523,0.00000529,0.15,0.637,129.988,audio_features,1kLY2ezCYQClOduxsORbjo,spotify:track:1kLY2ezCYQClOduxsORbjo,https://api.spotify.com/v1/tracks/1kLY2ezCYQClOduxsORbjo,https://api.spotify.com/v1/audio-analysis/1kLY2ezCYQClOduxsORbjo,355384,4
0.702,0.797,6,-3.624,1,0.026,0.283,0,0.263,0.577,130.037,audio_features,0pjjublBCt9k1BffxEcxh3,spotify:track:0pjjublBCt9k1BffxEcxh3,https://api.spotify.com/v1/tracks/0pjjublBCt9k1BffxEcxh3,https://api.spotify.com/v1/audio-analysis/0pjjublBCt9k1BffxEcxh3,348000,4
0.673,0.698,7,-4.044,1,0.0262,0.471,0,0.108,0.559,130.04,audio_features,2XEk6T4iKRkxAqBcx1aenR,spotify:track:2XEk6T4iKRkxAqBcx1aenR,https://api.spotify.com/v1/tracks/2XEk6T4iKRkxAqBcx1aenR,https://api.spotify.com/v1/audio-analysis/2XEk6T4iKRkxAqBcx1aenR,261851,4
0.643,0.689,9,-4.52,1,0.0256,0.37,0,0.0844,0.516,130.021,audio_features,4NBshdRXVp10X4UaQgykQZ,spotify:track:4NBshdRXVp10X4UaQgykQZ,https://api.spotify.com/v1/tracks/4NBshdRXVp10X4UaQgykQZ,https://api.spotify.com/v1/audio-analysis/4NBshdRXVp10X4UaQgykQZ,385228,4
0.689,0.73,4,-3.589,1,0.0336,0.375,0,0.0911,0.802,140.106,audio_features,79WKF249Fba1pDOQ1p79DD,spotify:track:79WKF249Fba1pDOQ1p79DD,https://api.spotify.com/v1/tracks/79WKF249Fba1pDOQ1p79DD,https://api.spotify.com/v1/audio-analysis/79WKF249Fba1pDOQ1p79DD,273032,4
0.598,0.809,4,-3.11,1,0.0274,0.384,0,0.0956,0.731,139.916,audio_features,6ACeVvUwiqmZb62d9hkWpS,spotify:track:6ACeVvUwiqmZb62d9hkWpS,https://api.spotify.com/v1/tracks/6ACeVvUwiqmZb62d9hkWpS,https://api.spotify.com/v1/audio-analysis/6ACeVvUwiqmZb62d9hkWpS,395598,4
0.612,0.802,7,-2.694,0,0.0321,0.326,0,0.198,0.447,145.019,audio_features,2DtCNL3lLifuxTP1h79Z3S,spotify:track:2DtCNL3lLifuxTP1h79Z3S,https://api.spotify.com/v1/tracks/2DtCNL3lLifuxTP1h79Z3S,https://api.spotify.com/v1/audio-analysis/2DtCNL3lLifuxTP1h79Z3S,318433,4
0.658,0.676,8,-4.761,1,0.0254,0.415,0.0000624,0.0509,0.575,125.032,audio_features,75ucDUBDTJnPXk6p2qluot,spotify:track:75ucDUBDTJnPXk6p2qluot,https://api.spotify.com/v1/tracks/75ucDUBDTJnPXk6p2qluot,https://api.spotify.com/v1/audio-analysis/75ucDUBDTJnPXk6p2qluot,395389,4
0.539,0.779,0,-4.763,1,0.0343,0.449,0,0.125,0.537,179.894,audio_features,6OKS0qhTkiockgYdDs5ofH,spotify:track:6OKS0qhTkiockgYdDs5ofH,https://api.spotify.com/v1/tracks/6OKS0qhTkiockgYdDs5ofH,https://api.spotify.com/v1/audio-analysis/6OKS0qhTkiockgYdDs5ofH,273476,4
0.641,0.595,7,-3.921,1,0.0249,0.349,0,0.333,0.373,117.008,audio_features,6f8DWWUmvypIejpIhuFNEC,spotify:track:6f8DWWUmvypIejpIhuFNEC,https://api.spotify.com/v1/tracks/6f8DWWUmvypIejpIhuFNEC,https://api.spotify.com/v1/audio-analysis/6f8DWWUmvypIejpIhuFNEC,338312,4
0.573,0.717,2,-3.648,1,0.0253,0.193,0,0.114,0.479,134.993,audio_features,2DB33xCUExf7Txz8B1FvVC,spotify:track:2DB33xCUExf7Txz8B1FvVC,https://api.spotify.com/v1/tracks/2DB33xCUExf7Txz8B1FvVC,https://api.spotify.com/v1/audio-analysis/2DB33xCUExf7Txz8B1FvVC,288496,4
0.685,0.897,0,-3.937,1,0.0282,0.309,0.00000118,0.219,0.677,140.015,audio_features,1Lej0Mzieoi1E0pzrQvi0x,spotify:track:1Lej0Mzieoi1E0pzrQvi0x,https://api.spotify.com/v1/tracks/1Lej0Mzieoi1E0pzrQvi0x,https://api.spotify.com/v1/audio-analysis/1Lej0Mzieoi1E0pzrQvi0x,266136,4
0.705,0.665,5,-7.862,1,0.0633,0.203,0,0.393,0.8,133.926,audio_features,4jDQSss7wQxmUdTtwx1elb,spotify:track:4jDQSss7wQxmUdTtwx1elb,https://api.spotify.com/v1/tracks/4jDQSss7wQxmUdTtwx1elb,https://api.spotify.com/v1/audio-analysis/4jDQSss7wQxmUdTtwx1elb,218462,4
0.433,0.68,5,-7.839,0,0.0353,0.157,0,0.0785,0.771,162.673,audio_features,0yVamByazJJxZAjV6iEQzy,spotify:track:0yVamByazJJxZAjV6iEQzy,https://api.spotify.com/v1/tracks/0yVamByazJJxZAjV6iEQzy,https://api.spotify.com/v1/audio-analysis/0yVamByazJJxZAjV6iEQzy,281051,4
0.561,0.594,5,-7.709,0,0.0318,0.205,0.000002,0.0615,0.897,134.992,audio_features,1e9DHhKilDel475mskIPy8,spotify:track:1e9DHhKilDel475mskIPy8,https://api.spotify.com/v1/tracks/1e9DHhKilDel475mskIPy8,https://api.spotify.com/v1/audio-analysis/1e9DHhKilDel475mskIPy8,297561,4
0.423,0.467,0,-9.986,1,0.0322,0.413,0.0000056,0.111,0.455,138.69,audio_features,62dueRjioOQM0lAWX2RlRh,spotify:track:62dueRjioOQM0lAWX2RlRh,https://api.spotify.com/v1/tracks/62dueRjioOQM0lAWX2RlRh,https://api.spotify.com/v1/audio-analysis/62dueRjioOQM0lAWX2RlRh,524095,4
0.571,0.684,2,-8.138,1,0.0492,0.16,0,0.0804,0.619,143.548,audio_features,1aWV8u1VtGE8MqXcthHDPV,spotify:track:1aWV8u1VtGE8MqXcthHDPV,https://api.spotify.com/v1/tracks/1aWV8u1VtGE8MqXcthHDPV,https://api.spotify.com/v1/audio-analysis/1aWV8u1VtGE8MqXcthHDPV,304144,4
0.453,0.633,9,-7.877,0,0.0309,0.219,0,0.239,0.573,95.931,audio_features,10drqCrb4D8zCfHrONLzVG,spotify:track:10drqCrb4D8zCfHrONLzVG,https://api.spotify.com/v1/tracks/10drqCrb4D8zCfHrONLzVG,https://api.spotify.com/v1/audio-analysis/10drqCrb4D8zCfHrONLzVG,309211,4
0.572,0.616,10,-8.642,1,0.0348,0.251,0,0.057,0.741,139.374,audio_features,25ZVNco8JBa7YQgykRO6EL,spotify:track:25ZVNco8JBa7YQgykRO6EL,https://api.spotify.com/v1/tracks/25ZVNco8JBa7YQgykRO6EL,https://api.spotify.com/v1/audio-analysis/25ZVNco8JBa7YQgykRO6EL,264255,4
0.486,0.669,8,-8.124,0,0.0366,0.115,0,0.0752,0.686,156.461,audio_features,5JP8xuwX23DciJW2sfTRER,spotify:track:5JP8xuwX23DciJW2sfTRER,https://api.spotify.com/v1/tracks/5JP8xuwX23DciJW2sfTRER,https://api.spotify.com/v1/audio-analysis/5JP8xuwX23DciJW2sfTRER,388153,4
0.574,0.611,5,-9.094,1,0.0325,0.266,0,0.0822,0.535,138.761,audio_features,0kBsdQel5dQoAgdhoYv5HR,spotify:track:0kBsdQel5dQoAgdhoYv5HR,https://api.spotify.com/v1/tracks/0kBsdQel5dQoAgdhoYv5HR,https://api.spotify.com/v1/audio-analysis/0kBsdQel5dQoAgdhoYv5HR,290900,4
0.526,0.704,0,-8.167,1,0.0336,0.0909,0,0.0949,0.625,89.223,audio_features,34dKXyoQgBdeSOaBLmdXOb,spotify:track:34dKXyoQgBdeSOaBLmdXOb,https://api.spotify.com/v1/tracks/34dKXyoQgBdeSOaBLmdXOb,https://api.spotify.com/v1/audio-analysis/34dKXyoQgBdeSOaBLmdXOb,366211,4
0.554,0.63,2,-8.259,0,0.0314,0.193,0,0.0422,0.644,139.506,audio_features,4dBThsAlQBsl4dPh5i8S7q,spotify:track:4dBThsAlQBsl4dPh5i8S7q,https://api.spotify.com/v1/tracks/4dBThsAlQBsl4dPh5i8S7q,https://api.spotify.com/v1/audio-analysis/4dBThsAlQBsl4dPh5i8S7q,340872,4
0.564,0.562,2,-10.323,1,0.033,0.108,0.00000439,0.0563,0.423,156.962,audio_features,3aFz1SaJsrH5rmTCDy0Vf0,spotify:track:3aFz1SaJsrH5rmTCDy0Vf0,https://api.spotify.com/v1/tracks/3aFz1SaJsrH5rmTCDy0Vf0,https://api.spotify.com/v1/audio-analysis/3aFz1SaJsrH5rmTCDy0Vf0,240405,4
0.612,0.787,6,-4.026,1,0.033,0.247,0.0000285,0.552,0.556,149.947,audio_features,4mOcih6uH1bjIYpFLaijdF,spotify:track:4mOcih6uH1bjIYpFLaijdF,https://api.spotify.com/v1/tracks/4mOcih6uH1bjIYpFLaijdF,https://api.spotify.com/v1/audio-analysis/4mOcih6uH1bjIYpFLaijdF,369385,4
0.743,0.617,0,-5.868,0,0.0272,0.577,0.000774,0.14,0.467,122.007,audio_features,0qOeukjnUksMyzfZi5chGk,spotify:track:0qOeukjnUksMyzfZi5chGk,https://api.spotify.com/v1/tracks/0qOeukjnUksMyzfZi5chGk,https://api.spotify.com/v1/audio-analysis/0qOeukjnUksMyzfZi5chGk,225121,4
0.637,0.667,6,-4.529,1,0.0274,0.549,0.00000936,0.166,0.381,134.941,audio_features,6ti7ckFIkAhod6zlb3ubZA,spotify:track:6ti7ckFIkAhod6zlb3ubZA,https://api.spotify.com/v1/tracks/6ti7ckFIkAhod6zlb3ubZA,https://api.spotify.com/v1/audio-analysis/6ti7ckFIkAhod6zlb3ubZA,295921,4
0.608,0.705,11,-4.317,0,0.0305,0.339,0.000143,0.359,0.591,139.862,audio_features,0p3BKcZwNm0XSqCvGQnoMw,spotify:track:0p3BKcZwNm0XSqCvGQnoMw,https://api.spotify.com/v1/tracks/0p3BKcZwNm0XSqCvGQnoMw,https://api.spotify.com/v1/audio-analysis/0p3BKcZwNm0XSqCvGQnoMw,257113,4
0.713,0.623,9,-5.329,0,0.0266,0.627,0.000781,0.145,0.461,124.975,audio_features,2BXdtnHNXLhe4t4lPPxFaj,spotify:track:2BXdtnHNXLhe4t4lPPxFaj,https://api.spotify.com/v1/tracks/2BXdtnHNXLhe4t4lPPxFaj,https://api.spotify.com/v1/audio-analysis/2BXdtnHNXLhe4t4lPPxFaj,404545,4
0.635,0.749,7,-4.852,0,0.0288,0.444,0.00122,0.498,0.442,142.993,audio_features,4SfkniapcWX24jVw5wQeu0,spotify:track:4SfkniapcWX24jVw5wQeu0,https://api.spotify.com/v1/tracks/4SfkniapcWX24jVw5wQeu0,https://api.spotify.com/v1/audio-analysis/4SfkniapcWX24jVw5wQeu0,279193,4
0.637,0.67,5,-4.44,1,0.0248,0.558,0.000281,0.133,0.466,139.917,audio_features,6tHuJ8iAtBrZ3N9VJf6RLY,spotify:track:6tHuJ8iAtBrZ3N9VJf6RLY,https://api.spotify.com/v1/tracks/6tHuJ8iAtBrZ3N9VJf6RLY,https://api.spotify.com/v1/audio-analysis/6tHuJ8iAtBrZ3N9VJf6RLY,200929,4
0.646,0.716,1,-4.759,1,0.0262,0.616,0.00000552,0.283,0.696,144.975,audio_features,13ljyMlPtyB2nhkmmFhB6x,spotify:track:13ljyMlPtyB2nhkmmFhB6x,https://api.spotify.com/v1/tracks/13ljyMlPtyB2nhkmmFhB6x,https://api.spotify.com/v1/audio-analysis/13ljyMlPtyB2nhkmmFhB6x,274393,4
0.723,0.738,2,-4.083,0,0.0287,0.315,0.0000025,0.182,0.818,145.038,audio_features,1AU6EUpN19hd7wuBQ1qoPM,spotify:track:1AU6EUpN19hd7wuBQ1qoPM,https://api.spotify.com/v1/tracks/1AU6EUpN19hd7wuBQ1qoPM,https://api.spotify.com/v1/audio-analysis/1AU6EUpN19hd7wuBQ1qoPM,238465,4
0.59,0.743,0,-4.271,1,0.0327,0.362,0.0000434,0.186,0.538,165.005,audio_features,5ARfpzL9lu3FPNkUFxD3ZC,spotify:track:5ARfpzL9lu3FPNkUFxD3ZC,https://api.spotify.com/v1/tracks/5ARfpzL9lu3FPNkUFxD3ZC,https://api.spotify.com/v1/audio-analysis/5ARfpzL9lu3FPNkUFxD3ZC,275953,4
0.62,0.787,0,-3.815,0,0.0287,0.351,0.00000138,0.215,0.544,146.922,audio_features,0SrVuJYPJG8QRSziIH4dmg,spotify:track:0SrVuJYPJG8QRSziIH4dmg,https://api.spotify.com/v1/tracks/0SrVuJYPJG8QRSziIH4dmg,https://api.spotify.com/v1/audio-analysis/0SrVuJYPJG8QRSziIH4dmg,262777,4
0.622,0.699,10,-3.731,1,0.0249,0.588,0.0000164,0.224,0.553,133.995,audio_features,0hXKwWcrzuoRbcd4jzgy2O,spotify:track:0hXKwWcrzuoRbcd4jzgy2O,https://api.spotify.com/v1/tracks/0hXKwWcrzuoRbcd4jzgy2O,https://api.spotify.com/v1/audio-analysis/0hXKwWcrzuoRbcd4jzgy2O,270961,4
0.547,0.758,9,-4.119,1,0.0305,0.321,0.0162,0.25,0.791,160.007,audio_features,64ct9AMKHhC2PTegSmyyNw,spotify:track:64ct9AMKHhC2PTegSmyyNw,https://api.spotify.com/v1/tracks/64ct9AMKHhC2PTegSmyyNw,https://api.spotify.com/v1/audio-analysis/64ct9AMKHhC2PTegSmyyNw,283009,4
0.692,0.736,2,-4.507,1,0.0279,0.57,0.0000395,0.28,0.75,139.997,audio_features,5C1uPy3tZN2wYdaFxRkH3i,spotify:track:5C1uPy3tZN2wYdaFxRkH3i,https://api.spotify.com/v1/tracks/5C1uPy3tZN2wYdaFxRkH3i,https://api.spotify.com/v1/audio-analysis/5C1uPy3tZN2wYdaFxRkH3i,290857,4
0.645,0.567,2,-9.909,1,0.0445,0.342,0,0.317,0.761,138.095,audio_features,4y4DMc5z959CHKkmDOmQ4G,spotify:track:4y4DMc5z959CHKkmDOmQ4G,https://api.spotify.com/v1/tracks/4y4DMc5z959CHKkmDOmQ4G,https://api.spotify.com/v1/audio-analysis/4y4DMc5z959CHKkmDOmQ4G,333636,4
0.682,0.576,2,-9.343,1,0.032,0.501,0.00327,0.105,0.876,129.589,audio_features,0MPctzcnHXWpvNPREBek5x,spotify:track:0MPctzcnHXWpvNPREBek5x,https://api.spotify.com/v1/tracks/0MPctzcnHXWpvNPREBek5x,https://api.spotify.com/v1/audio-analysis/0MPctzcnHXWpvNPREBek5x,220630,4
0.382,0.744,4,-6.831,0,0.0289,0.533,0.000593,0.383,0.677,151.647,audio_features,7CySesiVGLwCYv5VdLSCDe,spotify:track:7CySesiVGLwCYv5VdLSCDe,https://api.spotify.com/v1/tracks/7CySesiVGLwCYv5VdLSCDe,https://api.spotify.com/v1/audio-analysis/7CySesiVGLwCYv5VdLSCDe,296803,4
0.336,0.731,7,-7.982,1,0.0323,0.182,0.00000827,0.097,0.684,166.545,audio_features,6GstUAEcghOQpFBJ6keBTQ,spotify:track:6GstUAEcghOQpFBJ6keBTQ,https://api.spotify.com/v1/tracks/6GstUAEcghOQpFBJ6keBTQ,https://api.spotify.com/v1/audio-analysis/6GstUAEcghOQpFBJ6keBTQ,268173,4
0.339,0.686,5,-8.957,0,0.0324,0.257,0.00000503,0.115,0.671,174.097,audio_features,5UCrcQGyWwfuku8uvJIqFA,spotify:track:5UCrcQGyWwfuku8uvJIqFA,https://api.spotify.com/v1/tracks/5UCrcQGyWwfuku8uvJIqFA,https://api.spotify.com/v1/audio-analysis/5UCrcQGyWwfuku8uvJIqFA,240248,4
0.639,0.489,4,-10.818,1,0.0332,0.268,0,0.107,0.699,140.073,audio_features,2KqRE4cWpnr2RPHHzoVmxW,spotify:track:2KqRE4cWpnr2RPHHzoVmxW,https://api.spotify.com/v1/tracks/2KqRE4cWpnr2RPHHzoVmxW,https://api.spotify.com/v1/audio-analysis/2KqRE4cWpnr2RPHHzoVmxW,383765,4
0.367,0.853,9,-5.4,0,0.0329,0.361,0.00487,0.111,0.748,162.446,audio_features,1kcIsIjZnfCGsxIE5tyGwS,spotify:track:1kcIsIjZnfCGsxIE5tyGwS,https://api.spotify.com/v1/tracks/1kcIsIjZnfCGsxIE5tyGwS,https://api.spotify.com/v1/audio-analysis/1kcIsIjZnfCGsxIE5tyGwS,236121,4
0.437,0.501,2,-10.752,1,0.0411,0.216,0,0.0387,0.708,97.509,audio_features,5UJiIbP0YGGQX2syWYkJ9Y,spotify:track:5UJiIbP0YGGQX2syWYkJ9Y,https://api.spotify.com/v1/tracks/5UJiIbP0YGGQX2syWYkJ9Y,https://api.spotify.com/v1/audio-analysis/5UJiIbP0YGGQX2syWYkJ9Y,356519,4
0.688,0.85,2,-5.889,1,0.0319,0.521,0.00132,0.0902,0.964,145.486,audio_features,60dPPJMIuEjenJcAfDvrMY,spotify:track:60dPPJMIuEjenJcAfDvrMY,https://api.spotify.com/v1/tracks/60dPPJMIuEjenJcAfDvrMY,https://api.spotify.com/v1/audio-analysis/60dPPJMIuEjenJcAfDvrMY,249078,4
0.571,0.606,7,-6.891,0,0.0322,0.341,0.000246,0.174,0.944,117.371,audio_features,5xHUVBCyzmXdayvvSGaUV3,spotify:track:5xHUVBCyzmXdayvvSGaUV3,https://api.spotify.com/v1/tracks/5xHUVBCyzmXdayvvSGaUV3,https://api.spotify.com/v1/audio-analysis/5xHUVBCyzmXdayvvSGaUV3,219481,4
0.47,0.647,9,-7.736,0,0.0301,0.356,0.00000376,0.207,0.569,160.267,audio_features,573TzoaWB9yVSzsYYkgPgY,spotify:track:573TzoaWB9yVSzsYYkgPgY,https://api.spotify.com/v1/tracks/573TzoaWB9yVSzsYYkgPgY,https://api.spotify.com/v1/audio-analysis/573TzoaWB9yVSzsYYkgPgY,311719,4
0.721,0.528,2,-9.365,1,0.0323,0.597,0.00446,0.117,0.953,124.72,audio_features,2llNhPF3FMaMH9YKxzh23o,spotify:track:2llNhPF3FMaMH9YKxzh23o,https://api.spotify.com/v1/tracks/2llNhPF3FMaMH9YKxzh23o,https://api.spotify.com/v1/audio-analysis/2llNhPF3FMaMH9YKxzh23o,260049,4
0.713,0.744,8,-5.947,1,0.0383,0.29,0.00131,0.115,0.938,136.272,audio_features,4DnuKMIk72sdKfDYZC0iFJ,spotify:track:4DnuKMIk72sdKfDYZC0iFJ,https://api.spotify.com/v1/tracks/4DnuKMIk72sdKfDYZC0iFJ,https://api.spotify.com/v1/audio-analysis/4DnuKMIk72sdKfDYZC0iFJ,244219,4
0.639,0.705,8,-6.365,1,0.0319,0.402,0.0124,0.104,0.654,139.696,audio_features,5LHGeGqM3Asgg9EoVeDHfO,spotify:track:5LHGeGqM3Asgg9EoVeDHfO,https://api.spotify.com/v1/tracks/5LHGeGqM3Asgg9EoVeDHfO,https://api.spotify.com/v1/audio-analysis/5LHGeGqM3Asgg9EoVeDHfO,245917,4
0.699,0.572,0,-9.384,0,0.0349,0.79,0.000494,0.203,0.879,122.029,audio_features,3swcq1r17hKzEJoU5PIvdi,spotify:track:3swcq1r17hKzEJoU5PIvdi,https://api.spotify.com/v1/tracks/3swcq1r17hKzEJoU5PIvdi,https://api.spotify.com/v1/audio-analysis/3swcq1r17hKzEJoU5PIvdi,255817,4
0.464,0.793,2,-6.613,0,0.0307,0.359,0.00187,0.0495,0.917,159.205,audio_features,4sCoARMXTayX7SFDD6jRFY,spotify:track:4sCoARMXTayX7SFDD6jRFY,https://api.spotify.com/v1/tracks/4sCoARMXTayX7SFDD6jRFY,https://api.spotify.com/v1/audio-analysis/4sCoARMXTayX7SFDD6jRFY,230844,4
0.744,0.547,3,-9.126,0,0.0347,0.515,0.00278,0.0631,0.893,129.092,audio_features,0I8W1twGqswGf6KGIt0Jwq,spotify:track:0I8W1twGqswGf6KGIt0Jwq,https://api.spotify.com/v1/tracks/0I8W1twGqswGf6KGIt0Jwq,https://api.spotify.com/v1/audio-analysis/0I8W1twGqswGf6KGIt0Jwq,259997,4
0.536,0.768,0,-6.143,1,0.0288,0.162,0.0000315,0.178,0.939,147.94,audio_features,6OvKROSwBT2K4LSTiJ0tQf,spotify:track:6OvKROSwBT2K4LSTiJ0tQf,https://api.spotify.com/v1/tracks/6OvKROSwBT2K4LSTiJ0tQf,https://api.spotify.com/v1/audio-analysis/6OvKROSwBT2K4LSTiJ0tQf,279484,4
0.411,0.513,0,-10.215,0,0.0309,0.782,0.0183,0.0965,0.515,90.756,audio_features,48H6zt5pn5yyConIl2bOsi,spotify:track:48H6zt5pn5yyConIl2bOsi,https://api.spotify.com/v1/tracks/48H6zt5pn5yyConIl2bOsi,https://api.spotify.com/v1/audio-analysis/48H6zt5pn5yyConIl2bOsi,487706,4
0.694,0.629,5,-8.373,1,0.0286,0.548,0.044,0.0921,0.878,129.065,audio_features,0Myf4W5JXNYowLBf6yXATa,spotify:track:0Myf4W5JXNYowLBf6yXATa,https://api.spotify.com/v1/tracks/0Myf4W5JXNYowLBf6yXATa,https://api.spotify.com/v1/audio-analysis/0Myf4W5JXNYowLBf6yXATa,315559,4
0.636,0.546,2,-8.052,0,0.0384,0.764,0.0119,0.0607,0.679,126.709,audio_features,3CCMWghaEvCjUWcmylSfqQ,spotify:track:3CCMWghaEvCjUWcmylSfqQ,https://api.spotify.com/v1/tracks/3CCMWghaEvCjUWcmylSfqQ,https://api.spotify.com/v1/audio-analysis/3CCMWghaEvCjUWcmylSfqQ,468889,4
0.658,0.673,10,-5.11,1,0.0321,0.552,0,0.113,0.404,139.993,audio_features,7wwOA8Qoe5Qcbew2ikPeyn,spotify:track:7wwOA8Qoe5Qcbew2ikPeyn,https://api.spotify.com/v1/tracks/7wwOA8Qoe5Qcbew2ikPeyn,https://api.spotify.com/v1/audio-analysis/7wwOA8Qoe5Qcbew2ikPeyn,333579,4
0.699,0.761,2,-3.919,1,0.0394,0.399,0,0.116,0.907,151.934,audio_features,2beybT3S6RQCCmtOlFDVSP,spotify:track:2beybT3S6RQCCmtOlFDVSP,https://api.spotify.com/v1/tracks/2beybT3S6RQCCmtOlFDVSP,https://api.spotify.com/v1/audio-analysis/2beybT3S6RQCCmtOlFDVSP,205900,4
0.766,0.542,5,-5.926,1,0.0288,0.501,0,0.105,0.859,125.988,audio_features,2cD0jYAneU5BUplUPrrXPT,spotify:track:2cD0jYAneU5BUplUPrrXPT,https://api.spotify.com/v1/tracks/2cD0jYAneU5BUplUPrrXPT,https://api.spotify.com/v1/audio-analysis/2cD0jYAneU5BUplUPrrXPT,235447,4
0.684,0.557,10,-6.173,1,0.0277,0.518,0.00000106,0.109,0.6,130.002,audio_features,0tTW32Llm90r1CalXwu4Rp,spotify:track:0tTW32Llm90r1CalXwu4Rp,https://api.spotify.com/v1/tracks/0tTW32Llm90r1CalXwu4Rp,https://api.spotify.com/v1/audio-analysis/0tTW32Llm90r1CalXwu4Rp,267964,4
0.757,0.739,4,-4.85,0,0.0324,0.292,0,0.259,0.895,140.037,audio_features,0Do1ASN01Ki8tf9YVwXziz,spotify:track:0Do1ASN01Ki8tf9YVwXziz,https://api.spotify.com/v1/tracks/0Do1ASN01Ki8tf9YVwXziz,https://api.spotify.com/v1/audio-analysis/0Do1ASN01Ki8tf9YVwXziz,240441,4
0.432,0.77,4,-4.448,0,0.0295,0.474,0.0000212,0.104,0.81,142.469,audio_features,30X0CTSo2jlnXIBKyxVKUn,spotify:track:30X0CTSo2jlnXIBKyxVKUn,https://api.spotify.com/v1/tracks/30X0CTSo2jlnXIBKyxVKUn,https://api.spotify.com/v1/audio-analysis/30X0CTSo2jlnXIBKyxVKUn,332974,4
0.788,0.736,11,-4.872,0,0.0394,0.422,0,0.218,0.907,139.991,audio_features,6ZdBqH6B2jPIn2FFCd9jAt,spotify:track:6ZdBqH6B2jPIn2FFCd9jAt,https://api.spotify.com/v1/tracks/6ZdBqH6B2jPIn2FFCd9jAt,https://api.spotify.com/v1/audio-analysis/6ZdBqH6B2jPIn2FFCd9jAt,277873,4
0.751,0.781,2,-5.747,1,0.0373,0.576,0,0.196,0.564,140.044,audio_features,3C1Bs1UEIFVIP5kiRRDWUu,spotify:track:3C1Bs1UEIFVIP5kiRRDWUu,https://api.spotify.com/v1/tracks/3C1Bs1UEIFVIP5kiRRDWUu,https://api.spotify.com/v1/audio-analysis/3C1Bs1UEIFVIP5kiRRDWUu,278808,4
0.63,0.55,4,-6.041,0,0.0264,0.641,0.0000834,0.102,0.154,116.039,audio_features,0WPfg3WxbCB1hVBytDpSn3,spotify:track:0WPfg3WxbCB1hVBytDpSn3,https://api.spotify.com/v1/tracks/0WPfg3WxbCB1hVBytDpSn3,https://api.spotify.com/v1/audio-analysis/0WPfg3WxbCB1hVBytDpSn3,302938,4
0.712,0.787,0,-6.259,1,0.0313,0.168,0.000473,0.0841,0.906,146.022,audio_features,6N2NP96ns5ig0BBB9Mifh2,spotify:track:6N2NP96ns5ig0BBB9Mifh2,https://api.spotify.com/v1/tracks/6N2NP96ns5ig0BBB9Mifh2,https://api.spotify.com/v1/audio-analysis/6N2NP96ns5ig0BBB9Mifh2,297534,4
0.54,0.856,6,-5.444,1,0.041,0.194,0.00101,0.745,0.77,166.011,audio_features,48AocmAEFSkFePcRY6O9s4,spotify:track:48AocmAEFSkFePcRY6O9s4,https://api.spotify.com/v1/tracks/48AocmAEFSkFePcRY6O9s4,https://api.spotify.com/v1/audio-analysis/48AocmAEFSkFePcRY6O9s4,200964,4
0.7,0.778,9,-6.129,1,0.0283,0.112,0.0000231,0.135,0.82,139.992,audio_features,0Y7X9Oi6oiTEYTpw1nH5Au,spotify:track:0Y7X9Oi6oiTEYTpw1nH5Au,https://api.spotify.com/v1/tracks/0Y7X9Oi6oiTEYTpw1nH5Au,https://api.spotify.com/v1/audio-analysis/0Y7X9Oi6oiTEYTpw1nH5Au,243429,4
0.57,0.719,0,-6.551,1,0.0368,0.166,0.00000902,0.28,0.618,155.037,audio_features,4jNjEf57x71MU6MHrOIEGj,spotify:track:4jNjEf57x71MU6MHrOIEGj,https://api.spotify.com/v1/tracks/4jNjEf57x71MU6MHrOIEGj,https://api.spotify.com/v1/audio-analysis/4jNjEf57x71MU6MHrOIEGj,260129,4
0.746,0.764,0,-6.239,1,0.0339,0.198,0.00014,0.0666,0.841,139.981,audio_features,3QUzhCi74GSLkxi6lVm8JB,spotify:track:3QUzhCi74GSLkxi6lVm8JB,https://api.spotify.com/v1/tracks/3QUzhCi74GSLkxi6lVm8JB,https://api.spotify.com/v1/audio-analysis/3QUzhCi74GSLkxi6lVm8JB,318857,4
0.703,0.776,0,-5.827,1,0.0273,0.0612,0.00000205,0.3,0.682,127.088,audio_features,7KsGtvt25VnWdD38XasjTQ,spotify:track:7KsGtvt25VnWdD38XasjTQ,https://api.spotify.com/v1/tracks/7KsGtvt25VnWdD38XasjTQ,https://api.spotify.com/v1/audio-analysis/7KsGtvt25VnWdD38XasjTQ,224882,4
0.645,0.658,0,-6.258,1,0.0377,0.124,0.00000412,0.0721,0.954,150.051,audio_features,70sHobfQ5OscUVUkH9wUkM,spotify:track:70sHobfQ5OscUVUkH9wUkM,https://api.spotify.com/v1/tracks/70sHobfQ5OscUVUkH9wUkM,https://api.spotify.com/v1/audio-analysis/70sHobfQ5OscUVUkH9wUkM,300800,4
0.611,0.653,4,-6.824,0,0.0395,0.369,0.000664,0.147,0.399,150.035,audio_features,0W8ompovgL3l419gmpB9E5,spotify:track:0W8ompovgL3l419gmpB9E5,https://api.spotify.com/v1/tracks/0W8ompovgL3l419gmpB9E5,https://api.spotify.com/v1/audio-analysis/0W8ompovgL3l419gmpB9E5,262400,4
0.62,0.689,5,-6.567,1,0.0322,0.32,0.0000719,0.123,0.479,139.994,audio_features,4iDNCdGbch5VEgAWd88PCW,spotify:track:4iDNCdGbch5VEgAWd88PCW,https://api.spotify.com/v1/tracks/4iDNCdGbch5VEgAWd88PCW,https://api.spotify.com/v1/audio-analysis/4iDNCdGbch5VEgAWd88PCW,351429,4
0.643,0.833,9,-5.992,1,0.0313,0.367,0.000028,0.0801,0.821,154.969,audio_features,0LYD3BnfnOI6dOGj0YK4mH,spotify:track:0LYD3BnfnOI6dOGj0YK4mH,https://api.spotify.com/v1/tracks/0LYD3BnfnOI6dOGj0YK4mH,https://api.spotify.com/v1/audio-analysis/0LYD3BnfnOI6dOGj0YK4mH,334452,4
0.718,0.889,7,-3.855,0,0.0289,0.0989,0.0249,0.0996,0.884,135.029,audio_features,4Gu1rpSu7LEWZSKdWVz7TV,spotify:track:4Gu1rpSu7LEWZSKdWVz7TV,https://api.spotify.com/v1/tracks/4Gu1rpSu7LEWZSKdWVz7TV,https://api.spotify.com/v1/audio-analysis/4Gu1rpSu7LEWZSKdWVz7TV,293306,4
0.694,0.848,1,-3.809,0,0.0301,0.0336,0.0214,0.0421,0.884,138.016,audio_features,2FyCOoqIucg3YDw6Bs8rhv,spotify:track:2FyCOoqIucg3YDw6Bs8rhv,https://api.spotify.com/v1/tracks/2FyCOoqIucg3YDw6Bs8rhv,https://api.spotify.com/v1/audio-analysis/2FyCOoqIucg3YDw6Bs8rhv,315136,4
0.646,0.836,4,-3.751,0,0.0259,0.0273,0.000852,0.139,0.717,135.044,audio_features,4cpSiWQYvMe9LnCk8otxcQ,spotify:track:4cpSiWQYvMe9LnCk8otxcQ,https://api.spotify.com/v1/tracks/4cpSiWQYvMe9LnCk8otxcQ,https://api.spotify.com/v1/audio-analysis/4cpSiWQYvMe9LnCk8otxcQ,304435,4
0.74,0.853,2,-3.651,1,0.0289,0.0499,0.0112,0.0798,0.733,133.989,audio_features,3sR4l1LbkLfExKqVUtci2e,spotify:track:3sR4l1LbkLfExKqVUtci2e,https://api.spotify.com/v1/tracks/3sR4l1LbkLfExKqVUtci2e,https://api.spotify.com/v1/audio-analysis/3sR4l1LbkLfExKqVUtci2e,255981,4
0.7,0.849,2,-4.448,0,0.0264,0.0822,0.00097,0.102,0.701,135.011,audio_features,5fmawyOISH8kL5wMbbIZKL,spotify:track:5fmawyOISH8kL5wMbbIZKL,https://api.spotify.com/v1/tracks/5fmawyOISH8kL5wMbbIZKL,https://api.spotify.com/v1/audio-analysis/5fmawyOISH8kL5wMbbIZKL,311293,4
0.742,0.824,2,-3.858,1,0.0283,0.0781,0.000835,0.096,0.721,135.014,audio_features,2A7JPsrlqZmwqp4DHL6xpE,spotify:track:2A7JPsrlqZmwqp4DHL6xpE,https://api.spotify.com/v1/tracks/2A7JPsrlqZmwqp4DHL6xpE,https://api.spotify.com/v1/audio-analysis/2A7JPsrlqZmwqp4DHL6xpE,280824,4
0.675,0.826,11,-4.499,0,0.0269,0.0124,0.000253,0.332,0.782,138.052,audio_features,7IgHQctyOd74Dn1hi7Kbul,spotify:track:7IgHQctyOd74Dn1hi7Kbul,https://api.spotify.com/v1/tracks/7IgHQctyOd74Dn1hi7Kbul,https://api.spotify.com/v1/audio-analysis/7IgHQctyOd74Dn1hi7Kbul,274889,4
0.663,0.877,5,-4.032,1,0.0264,0.0223,0.000117,0.155,0.512,133.008,audio_features,7hLuNgfmDd9twHIfANeg9C,spotify:track:7hLuNgfmDd9twHIfANeg9C,https://api.spotify.com/v1/tracks/7hLuNgfmDd9twHIfANeg9C,https://api.spotify.com/v1/audio-analysis/7hLuNgfmDd9twHIfANeg9C,297132,4
0.671,0.843,0,-4.636,1,0.0265,0.0279,0.00245,0.086,0.643,133.003,audio_features,0i9KtvYAfGYYikRMHIa0mV,spotify:track:0i9KtvYAfGYYikRMHIa0mV,https://api.spotify.com/v1/tracks/0i9KtvYAfGYYikRMHIa0mV,https://api.spotify.com/v1/audio-analysis/0i9KtvYAfGYYikRMHIa0mV,334887,4
0.646,0.874,2,-4.309,1,0.026,0.0262,0.00133,0.19,0.79,136.009,audio_features,5TnmDUSaUSJ85pQvG4IBG1,spotify:track:5TnmDUSaUSJ85pQvG4IBG1,https://api.spotify.com/v1/tracks/5TnmDUSaUSJ85pQvG4IBG1,https://api.spotify.com/v1/audio-analysis/5TnmDUSaUSJ85pQvG4IBG1,296041,4
0.724,0.848,4,-4.243,0,0.0271,0.153,0.00307,0.357,0.727,135.031,audio_features,4lTsisXbIqg1kIQmVbmXhw,spotify:track:4lTsisXbIqg1kIQmVbmXhw,https://api.spotify.com/v1/tracks/4lTsisXbIqg1kIQmVbmXhw,https://api.spotify.com/v1/audio-analysis/4lTsisXbIqg1kIQmVbmXhw,256683,4
0.705,0.809,5,-4.632,1,0.0262,0.0268,0,0.27,0.655,133.024,audio_features,1mrwsG4ZAOvZN021cmfOzF,spotify:track:1mrwsG4ZAOvZN021cmfOzF,https://api.spotify.com/v1/tracks/1mrwsG4ZAOvZN021cmfOzF,https://api.spotify.com/v1/audio-analysis/1mrwsG4ZAOvZN021cmfOzF,255237,4
0.549,0.787,6,-4.006,0,0.0523,0.335,0,0.683,0.808,154.729,audio_features,5YwXqvNq9oRWhku984OLGB,spotify:track:5YwXqvNq9oRWhku984OLGB,https://api.spotify.com/v1/tracks/5YwXqvNq9oRWhku984OLGB,https://api.spotify.com/v1/audio-analysis/5YwXqvNq9oRWhku984OLGB,216294,4
0.518,0.81,4,-5.546,1,0.04,0.241,0.00000265,0.378,0.783,147.135,audio_features,5I9c7jsTwKgYQ2zQl8WoFL,spotify:track:5I9c7jsTwKgYQ2zQl8WoFL,https://api.spotify.com/v1/tracks/5I9c7jsTwKgYQ2zQl8WoFL,https://api.spotify.com/v1/audio-analysis/5I9c7jsTwKgYQ2zQl8WoFL,250625,4
0.603,0.738,2,-5.351,1,0.0378,0.371,0.00000134,0.303,0.596,144.752,audio_features,33nWpH55vFHsCAl3mK2ae9,spotify:track:33nWpH55vFHsCAl3mK2ae9,https://api.spotify.com/v1/tracks/33nWpH55vFHsCAl3mK2ae9,https://api.spotify.com/v1/audio-analysis/33nWpH55vFHsCAl3mK2ae9,282494,4
0.502,0.786,2,-4.439,1,0.0589,0.559,0,0.0973,0.773,150.315,audio_features,38ayvHgzTYvg6rgIBrcWpV,spotify:track:38ayvHgzTYvg6rgIBrcWpV,https://api.spotify.com/v1/tracks/38ayvHgzTYvg6rgIBrcWpV,https://api.spotify.com/v1/audio-analysis/38ayvHgzTYvg6rgIBrcWpV,234405,4
0.458,0.77,2,-6.062,1,0.0728,0.42,0,0.202,0.653,151.574,audio_features,2iPCevL5vhZ4qC3RD8O7aI,spotify:track:2iPCevL5vhZ4qC3RD8O7aI,https://api.spotify.com/v1/tracks/2iPCevL5vhZ4qC3RD8O7aI,https://api.spotify.com/v1/audio-analysis/2iPCevL5vhZ4qC3RD8O7aI,384337,4
0.349,0.81,6,-4.551,0,0.0393,0.555,0.0000949,0.123,0.49,152.626,audio_features,14u4oE8ux1sGsv9feNvMVE,spotify:track:14u4oE8ux1sGsv9feNvMVE,https://api.spotify.com/v1/tracks/14u4oE8ux1sGsv9feNvMVE,https://api.spotify.com/v1/audio-analysis/14u4oE8ux1sGsv9feNvMVE,273345,4
0.377,0.736,11,-4.612,0,0.0361,0.394,0,0.182,0.706,150.371,audio_features,6B8AD7iWGcxHxKELaE68EE,spotify:track:6B8AD7iWGcxHxKELaE68EE,https://api.spotify.com/v1/tracks/6B8AD7iWGcxHxKELaE68EE,https://api.spotify.com/v1/audio-analysis/6B8AD7iWGcxHxKELaE68EE,245017,4
0.744,0.697,9,-5.68,0,0.03,0.497,0.00631,0.307,0.521,135.061,audio_features,1u7fkTe3xXKiZh4YzRxFqN,spotify:track:1u7fkTe3xXKiZh4YzRxFqN,https://api.spotify.com/v1/tracks/1u7fkTe3xXKiZh4YzRxFqN,https://api.spotify.com/v1/audio-analysis/1u7fkTe3xXKiZh4YzRxFqN,303360,4
0.7,0.751,11,-5.721,1,0.0296,0.466,0.000262,0.134,0.883,139.996,audio_features,00J0i4ALymflel6YmkQRZT,spotify:track:00J0i4ALymflel6YmkQRZT,https://api.spotify.com/v1/tracks/00J0i4ALymflel6YmkQRZT,https://api.spotify.com/v1/audio-analysis/00J0i4ALymflel6YmkQRZT,262304,4
0.699,0.7,7,-5.636,0,0.0262,0.27,0.000418,0.0971,0.439,130.049,audio_features,46sj9ZMIHjD8ePZBLRDN3H,spotify:track:46sj9ZMIHjD8ePZBLRDN3H,https://api.spotify.com/v1/tracks/46sj9ZMIHjD8ePZBLRDN3H,https://api.spotify.com/v1/audio-analysis/46sj9ZMIHjD8ePZBLRDN3H,317888,4
0.842,0.821,2,-5.419,0,0.0363,0.35,0.0000177,0.372,0.753,129.988,audio_features,3b5n8IZARoR1bmTbyQd5Gh,spotify:track:3b5n8IZARoR1bmTbyQd5Gh,https://api.spotify.com/v1/tracks/3b5n8IZARoR1bmTbyQd5Gh,https://api.spotify.com/v1/audio-analysis/3b5n8IZARoR1bmTbyQd5Gh,245760,4
0.708,0.74,0,-5.786,1,0.0265,0.217,0.00176,0.172,0.58,137.073,audio_features,0QfsFIuvkXgpos3CsFCz1n,spotify:track:0QfsFIuvkXgpos3CsFCz1n,https://api.spotify.com/v1/tracks/0QfsFIuvkXgpos3CsFCz1n,https://api.spotify.com/v1/audio-analysis/0QfsFIuvkXgpos3CsFCz1n,376320,4
0.736,0.733,11,-6.388,0,0.0274,0.402,0.00647,0.156,0.574,135.018,audio_features,2hHBnJxPU0HBgnmEsbE0n9,spotify:track:2hHBnJxPU0HBgnmEsbE0n9,https://api.spotify.com/v1/tracks/2hHBnJxPU0HBgnmEsbE0n9,https://api.spotify.com/v1/audio-analysis/2hHBnJxPU0HBgnmEsbE0n9,401376,4
0.769,0.744,9,-6.102,1,0.0267,0.441,0.00164,0.118,0.436,130.073,audio_features,6iLSo7tUVrkFQ4hkA1iWqa,spotify:track:6iLSo7tUVrkFQ4hkA1iWqa,https://api.spotify.com/v1/tracks/6iLSo7tUVrkFQ4hkA1iWqa,https://api.spotify.com/v1/audio-analysis/6iLSo7tUVrkFQ4hkA1iWqa,224576,4
0.762,0.677,7,-5.753,0,0.0333,0.344,0.00000794,0.0944,0.462,130.016,audio_features,0ZdBoQgWcPgs8Unm5Yz1yn,spotify:track:0ZdBoQgWcPgs8Unm5Yz1yn,https://api.spotify.com/v1/tracks/0ZdBoQgWcPgs8Unm5Yz1yn,https://api.spotify.com/v1/audio-analysis/0ZdBoQgWcPgs8Unm5Yz1yn,210368,4
0.727,0.721,2,-5.049,0,0.0265,0.55,0.00145,0.205,0.389,135.016,audio_features,3ocyQj79sWj6JMjqjPXdgt,spotify:track:3ocyQj79sWj6JMjqjPXdgt,https://api.spotify.com/v1/tracks/3ocyQj79sWj6JMjqjPXdgt,https://api.spotify.com/v1/audio-analysis/3ocyQj79sWj6JMjqjPXdgt,387840,4
0.708,0.752,7,-5.575,0,0.0288,0.467,0.00466,0.0758,0.801,137.033,audio_features,0tgDswjdeBgcA3gLdIYuEx,spotify:track:0tgDswjdeBgcA3gLdIYuEx,https://api.spotify.com/v1/tracks/0tgDswjdeBgcA3gLdIYuEx,https://api.spotify.com/v1/audio-analysis/0tgDswjdeBgcA3gLdIYuEx,286176,4
0.696,0.759,4,-5.2,0,0.0271,0.127,0.0032,0.14,0.669,133.032,audio_features,416c8FHZWh9AW2nV2w1rUm,spotify:track:416c8FHZWh9AW2nV2w1rUm,https://api.spotify.com/v1/tracks/416c8FHZWh9AW2nV2w1rUm,https://api.spotify.com/v1/audio-analysis/416c8FHZWh9AW2nV2w1rUm,313440,4
0.569,0.775,2,-5.129,1,0.0279,0.423,0.0129,0.128,0.764,154.997,audio_features,1ZW2eeNMXpRBsUoYPOv6dA,spotify:track:1ZW2eeNMXpRBsUoYPOv6dA,https://api.spotify.com/v1/tracks/1ZW2eeNMXpRBsUoYPOv6dA,https://api.spotify.com/v1/audio-analysis/1ZW2eeNMXpRBsUoYPOv6dA,279424,4
0.741,0.742,2,-4.991,1,0.042,0.622,0,0.49,0.754,140.062,audio_features,6O03nETOPNczAgkHvE6ezv,spotify:track:6O03nETOPNczAgkHvE6ezv,https://api.spotify.com/v1/tracks/6O03nETOPNczAgkHvE6ezv,https://api.spotify.com/v1/audio-analysis/6O03nETOPNczAgkHvE6ezv,277203,4
0.684,0.635,10,-5.653,1,0.0292,0.593,0,0.153,0.523,139.958,audio_features,5uBA2yuyBXhStZzg9x7oyV,spotify:track:5uBA2yuyBXhStZzg9x7oyV,https://api.spotify.com/v1/tracks/5uBA2yuyBXhStZzg9x7oyV,https://api.spotify.com/v1/audio-analysis/5uBA2yuyBXhStZzg9x7oyV,332704,4
0.704,0.543,10,-6.083,1,0.0277,0.603,0,0.114,0.622,129.989,audio_features,78EW3SrcVYB3sL8vM9Rfsj,spotify:track:78EW3SrcVYB3sL8vM9Rfsj,https://api.spotify.com/v1/tracks/78EW3SrcVYB3sL8vM9Rfsj,https://api.spotify.com/v1/audio-analysis/78EW3SrcVYB3sL8vM9Rfsj,269869,4
0.669,0.755,11,-3.645,0,0.0333,0.522,0,0.34,0.676,145.028,audio_features,32lMqetvUlhCW0iU5yRsth,spotify:track:32lMqetvUlhCW0iU5yRsth,https://api.spotify.com/v1/tracks/32lMqetvUlhCW0iU5yRsth,https://api.spotify.com/v1/audio-analysis/32lMqetvUlhCW0iU5yRsth,286577,4
0.799,0.715,11,-4.818,0,0.0374,0.535,0,0.335,0.932,139.985,audio_features,3erka4XcIf9pxhBTB313aL,spotify:track:3erka4XcIf9pxhBTB313aL,https://api.spotify.com/v1/tracks/3erka4XcIf9pxhBTB313aL,https://api.spotify.com/v1/audio-analysis/3erka4XcIf9pxhBTB313aL,279237,4
0.732,0.757,4,-4.707,1,0.0381,0.555,0,0.401,0.773,139.957,audio_features,2vmYxdDbqOkAcpjsMVx0fz,spotify:track:2vmYxdDbqOkAcpjsMVx0fz,https://api.spotify.com/v1/tracks/2vmYxdDbqOkAcpjsMVx0fz,https://api.spotify.com/v1/audio-analysis/2vmYxdDbqOkAcpjsMVx0fz,310564,4
0.789,0.666,5,-6.615,1,0.0305,0.513,0,0.115,0.612,130.007,audio_features,68bpWRnewfUXhEXQ43tvge,spotify:track:68bpWRnewfUXhEXQ43tvge,https://api.spotify.com/v1/tracks/68bpWRnewfUXhEXQ43tvge,https://api.spotify.com/v1/audio-analysis/68bpWRnewfUXhEXQ43tvge,329904,4
0.601,0.825,5,-4.157,0,0.0335,0.376,0,0.289,0.416,139.94,audio_features,3oRY0b6QVhKQ2BpYWAwzbf,spotify:track:3oRY0b6QVhKQ2BpYWAwzbf,https://api.spotify.com/v1/tracks/3oRY0b6QVhKQ2BpYWAwzbf,https://api.spotify.com/v1/audio-analysis/3oRY0b6QVhKQ2BpYWAwzbf,311967,4
0.738,0.739,2,-4.698,1,0.0402,0.657,0,0.113,0.747,142.081,audio_features,5u28D4873pBoLydjW0bvyV,spotify:track:5u28D4873pBoLydjW0bvyV,https://api.spotify.com/v1/tracks/5u28D4873pBoLydjW0bvyV,https://api.spotify.com/v1/audio-analysis/5u28D4873pBoLydjW0bvyV,375911,4
0.757,0.667,5,-5.269,0,0.036,0.506,0,0.398,0.621,124.962,audio_features,7lZo5sXtuEBs2I5v6tq2K1,spotify:track:7lZo5sXtuEBs2I5v6tq2K1,https://api.spotify.com/v1/tracks/7lZo5sXtuEBs2I5v6tq2K1,https://api.spotify.com/v1/audio-analysis/7lZo5sXtuEBs2I5v6tq2K1,271500,4
0.524,0.906,2,-4.411,0,0.0712,0.208,0.000501,0.282,0.671,171.831,audio_features,4BhCG9SAA2UoHOwABu0p4Z,spotify:track:4BhCG9SAA2UoHOwABu0p4Z,https://api.spotify.com/v1/tracks/4BhCG9SAA2UoHOwABu0p4Z,https://api.spotify.com/v1/audio-analysis/4BhCG9SAA2UoHOwABu0p4Z,274913,4
0.544,0.894,9,-5.197,1,0.0361,0.0528,0.000397,0.0791,0.67,182.025,audio_features,6pvsr1duOqvMCLe1bm7klp,spotify:track:6pvsr1duOqvMCLe1bm7klp,https://api.spotify.com/v1/tracks/6pvsr1duOqvMCLe1bm7klp,https://api.spotify.com/v1/audio-analysis/6pvsr1duOqvMCLe1bm7klp,304666,4
0.577,0.963,6,-5.417,0,0.0631,0.214,0.0246,0.122,0.835,176.956,audio_features,0CT3aT0W8TWl92cgQm9zML,spotify:track:0CT3aT0W8TWl92cgQm9zML,https://api.spotify.com/v1/tracks/0CT3aT0W8TWl92cgQm9zML,https://api.spotify.com/v1/audio-analysis/0CT3aT0W8TWl92cgQm9zML,248163,4
0.501,0.936,4,-4.823,0,0.037,0.0691,0.00196,0.31,0.705,175.935,audio_features,07OhUgKg7msvazDp5xDuwq,spotify:track:07OhUgKg7msvazDp5xDuwq,https://api.spotify.com/v1/tracks/07OhUgKg7msvazDp5xDuwq,https://api.spotify.com/v1/audio-analysis/07OhUgKg7msvazDp5xDuwq,350485,4
0.642,0.943,6,-5.219,1,0.044,0.11,0.0238,0.369,0.847,150.093,audio_features,56FuIy5XBVYTn609vwereg,spotify:track:56FuIy5XBVYTn609vwereg,https://api.spotify.com/v1/tracks/56FuIy5XBVYTn609vwereg,https://api.spotify.com/v1/audio-analysis/56FuIy5XBVYTn609vwereg,312033,4
0.509,0.965,7,-5.894,0,0.0345,0.2,0.0148,0.311,0.855,167.976,audio_features,1hpNYAkkqKK0oVKm7crAlt,spotify:track:1hpNYAkkqKK0oVKm7crAlt,https://api.spotify.com/v1/tracks/1hpNYAkkqKK0oVKm7crAlt,https://api.spotify.com/v1/audio-analysis/1hpNYAkkqKK0oVKm7crAlt,260049,4
0.495,0.933,7,-5.048,0,0.0438,0.0077,0.00709,0.123,0.591,186.997,audio_features,1tfcf5vA3PtHseFpyEqMa0,spotify:track:1tfcf5vA3PtHseFpyEqMa0,https://api.spotify.com/v1/tracks/1tfcf5vA3PtHseFpyEqMa0,https://api.spotify.com/v1/audio-analysis/1tfcf5vA3PtHseFpyEqMa0,306782,4
0.549,0.946,6,-5.27,1,0.0422,0.00847,0.161,0.23,0.849,178.022,audio_features,5IucUhOFOIuXLO2N1MfUeK,spotify:track:5IucUhOFOIuXLO2N1MfUeK,https://api.spotify.com/v1/tracks/5IucUhOFOIuXLO2N1MfUeK,https://api.spotify.com/v1/audio-analysis/5IucUhOFOIuXLO2N1MfUeK,269714,4
0.65,0.859,1,-4.323,1,0.0328,0.345,0,0.254,0.593,109.959,audio_features,196yniw5CdQuNBRfeMmjoQ,spotify:track:196yniw5CdQuNBRfeMmjoQ,https://api.spotify.com/v1/tracks/196yniw5CdQuNBRfeMmjoQ,https://api.spotify.com/v1/audio-analysis/196yniw5CdQuNBRfeMmjoQ,312033,4
0.586,0.89,2,-2.994,0,0.0389,0.207,0.00000174,0.365,0.651,140.018,audio_features,4Jp2BVk0XTKhSsn5axinNn,spotify:track:4Jp2BVk0XTKhSsn5axinNn,https://api.spotify.com/v1/tracks/4Jp2BVk0XTKhSsn5axinNn,https://api.spotify.com/v1/audio-analysis/4Jp2BVk0XTKhSsn5axinNn,313757,4
0.501,0.936,4,-4.823,0,0.037,0.0691,0.00196,0.31,0.705,175.935,audio_features,6YJdmcmw9Gqn8ak3GHmJLy,spotify:track:6YJdmcmw9Gqn8ak3GHmJLy,https://api.spotify.com/v1/tracks/6YJdmcmw9Gqn8ak3GHmJLy,https://api.spotify.com/v1/audio-analysis/6YJdmcmw9Gqn8ak3GHmJLy,350485,4
0.544,0.894,9,-5.197,1,0.0361,0.0528,0.000397,0.0791,0.67,182.025,audio_features,5G0lXZC5OcYhzXwUqrxd5N,spotify:track:5G0lXZC5OcYhzXwUqrxd5N,https://api.spotify.com/v1/tracks/5G0lXZC5OcYhzXwUqrxd5N,https://api.spotify.com/v1/audio-analysis/5G0lXZC5OcYhzXwUqrxd5N,304666,4
0.577,0.963,6,-5.417,0,0.0631,0.214,0.0246,0.122,0.835,176.956,audio_features,5wbrpJbqf5tGgtzmdOldRA,spotify:track:5wbrpJbqf5tGgtzmdOldRA,https://api.spotify.com/v1/tracks/5wbrpJbqf5tGgtzmdOldRA,https://api.spotify.com/v1/audio-analysis/5wbrpJbqf5tGgtzmdOldRA,248163,4
0.524,0.906,2,-4.411,0,0.0712,0.208,0.000501,0.282,0.671,171.831,audio_features,45eZxKC6LfUqHnFI5P18b9,spotify:track:45eZxKC6LfUqHnFI5P18b9,https://api.spotify.com/v1/tracks/45eZxKC6LfUqHnFI5P18b9,https://api.spotify.com/v1/audio-analysis/45eZxKC6LfUqHnFI5P18b9,274913,4
0.642,0.943,6,-5.219,1,0.044,0.11,0.0238,0.369,0.847,150.093,audio_features,7MZKvbwxfrg7upqc2qsI2q,spotify:track:7MZKvbwxfrg7upqc2qsI2q,https://api.spotify.com/v1/tracks/7MZKvbwxfrg7upqc2qsI2q,https://api.spotify.com/v1/audio-analysis/7MZKvbwxfrg7upqc2qsI2q,312033,4
0.509,0.965,7,-5.894,0,0.0345,0.2,0.0148,0.311,0.855,167.976,audio_features,6ZMH9LK017qUxBKrtWMLn0,spotify:track:6ZMH9LK017qUxBKrtWMLn0,https://api.spotify.com/v1/tracks/6ZMH9LK017qUxBKrtWMLn0,https://api.spotify.com/v1/audio-analysis/6ZMH9LK017qUxBKrtWMLn0,260049,4
0.495,0.933,7,-5.048,0,0.0438,0.0077,0.00709,0.123,0.591,186.997,audio_features,6z3YgokrnHdWn9uwc0z6To,spotify:track:6z3YgokrnHdWn9uwc0z6To,https://api.spotify.com/v1/tracks/6z3YgokrnHdWn9uwc0z6To,https://api.spotify.com/v1/audio-analysis/6z3YgokrnHdWn9uwc0z6To,306782,4
0.549,0.946,6,-5.27,1,0.0422,0.00847,0.161,0.23,0.849,178.022,audio_features,4ZFAvc3dcn20GUSFiekuzf,spotify:track:4ZFAvc3dcn20GUSFiekuzf,https://api.spotify.com/v1/tracks/4ZFAvc3dcn20GUSFiekuzf,https://api.spotify.com/v1/audio-analysis/4ZFAvc3dcn20GUSFiekuzf,269714,4
0.65,0.859,1,-4.323,1,0.0328,0.345,0,0.254,0.593,109.959,audio_features,7dr6BRJ4gUTSyTisnaiLVF,spotify:track:7dr6BRJ4gUTSyTisnaiLVF,https://api.spotify.com/v1/tracks/7dr6BRJ4gUTSyTisnaiLVF,https://api.spotify.com/v1/audio-analysis/7dr6BRJ4gUTSyTisnaiLVF,312033,4
0.586,0.89,2,-2.994,0,0.0389,0.207,0.00000174,0.365,0.651,140.018,audio_features,7klNtvQpVoh9gbUEPL9P3G,spotify:track:7klNtvQpVoh9gbUEPL9P3G,https://api.spotify.com/v1/tracks/7klNtvQpVoh9gbUEPL9P3G,https://api.spotify.com/v1/audio-analysis/7klNtvQpVoh9gbUEPL9P3G,313757,4
0.77,0.755,4,-5.336,1,0.0546,0.678,0,0.15,0.904,140.01,audio_features,1cs5LFOcznflbTzEKDPXCx,spotify:track:1cs5LFOcznflbTzEKDPXCx,https://api.spotify.com/v1/tracks/1cs5LFOcznflbTzEKDPXCx,https://api.spotify.com/v1/audio-analysis/1cs5LFOcznflbTzEKDPXCx,306112,4
0.685,0.712,7,-6.194,0,0.037,0.379,0.0000074,0.32,0.325,140.938,audio_features,4slZJApDgO0gZuXGJWALAs,spotify:track:4slZJApDgO0gZuXGJWALAs,https://api.spotify.com/v1/tracks/4slZJApDgO0gZuXGJWALAs,https://api.spotify.com/v1/audio-analysis/4slZJApDgO0gZuXGJWALAs,246170,4
0.613,0.674,7,-8.457,0,0.188,0.241,0,0.0901,0.482,171.941,audio_features,632g2SWCfC3bVy0MPvjb5p,spotify:track:632g2SWCfC3bVy0MPvjb5p,https://api.spotify.com/v1/tracks/632g2SWCfC3bVy0MPvjb5p,https://api.spotify.com/v1/audio-analysis/632g2SWCfC3bVy0MPvjb5p,257483,4
0.623,0.865,2,-5.465,1,0.0418,0.207,0.00000183,0.165,0.73,149.938,audio_features,1SeMeOzArVjVLOUFPkBdEm,spotify:track:1SeMeOzArVjVLOUFPkBdEm,https://api.spotify.com/v1/tracks/1SeMeOzArVjVLOUFPkBdEm,https://api.spotify.com/v1/audio-analysis/1SeMeOzArVjVLOUFPkBdEm,266672,4
0.654,0.881,0,-5.302,1,0.0325,0.182,0.0000414,0.136,0.895,158.873,audio_features,4ggu02ETVXBhBxpWk8KsMt,spotify:track:4ggu02ETVXBhBxpWk8KsMt,https://api.spotify.com/v1/tracks/4ggu02ETVXBhBxpWk8KsMt,https://api.spotify.com/v1/audio-analysis/4ggu02ETVXBhBxpWk8KsMt,258911,4
0.779,0.78,7,-6.206,0,0.0296,0.371,0.0727,0.173,0.967,123.019,audio_features,1S2864wuYtHlKrHVcZvmL8,spotify:track:1S2864wuYtHlKrHVcZvmL8,https://api.spotify.com/v1/tracks/1S2864wuYtHlKrHVcZvmL8,https://api.spotify.com/v1/audio-analysis/1S2864wuYtHlKrHVcZvmL8,204756,4
0.614,0.821,6,-4.303,0,0.0315,0.206,0.00000337,0.316,0.634,164.97,audio_features,6l8J4Om3fIQpyL3Z9PRHMG,spotify:track:6l8J4Om3fIQpyL3Z9PRHMG,https://api.spotify.com/v1/tracks/6l8J4Om3fIQpyL3Z9PRHMG,https://api.spotify.com/v1/audio-analysis/6l8J4Om3fIQpyL3Z9PRHMG,271456,4
0.618,0.766,2,-6.579,0,0.0348,0.288,0.00000556,0.0776,0.736,93.022,audio_features,3FY0Di8jNnRaGQU11tW5iz,spotify:track:3FY0Di8jNnRaGQU11tW5iz,https://api.spotify.com/v1/tracks/3FY0Di8jNnRaGQU11tW5iz,https://api.spotify.com/v1/audio-analysis/3FY0Di8jNnRaGQU11tW5iz,331280,4
0.582,0.678,3,-7.125,0,0.0299,0.514,0.000197,0.0936,0.85,161.889,audio_features,3JQ0TtoVDZCFl7TWq4Fzri,spotify:track:3JQ0TtoVDZCFl7TWq4Fzri,https://api.spotify.com/v1/tracks/3JQ0TtoVDZCFl7TWq4Fzri,https://api.spotify.com/v1/audio-analysis/3JQ0TtoVDZCFl7TWq4Fzri,277507,4
0.765,0.654,7,-6.765,0,0.0277,0.314,0.0249,0.565,0.769,119.963,audio_features,3bsLhtMmRyYtJJIkIE2jJS,spotify:track:3bsLhtMmRyYtJJIkIE2jJS,https://api.spotify.com/v1/tracks/3bsLhtMmRyYtJJIkIE2jJS,https://api.spotify.com/v1/audio-analysis/3bsLhtMmRyYtJJIkIE2jJS,216500,4
0.348,0.767,0,-5.645,0,0.0619,0.711,0,0.524,0.856,178.782,audio_features,3YIYK3EqcXehfqMnt9b66S,spotify:track:3YIYK3EqcXehfqMnt9b66S,https://api.spotify.com/v1/tracks/3YIYK3EqcXehfqMnt9b66S,https://api.spotify.com/v1/audio-analysis/3YIYK3EqcXehfqMnt9b66S,227147,4
0.33,0.698,0,-5.173,1,0.0345,0.427,0.00000297,0.155,0.387,146.225,audio_features,2mPttlXW7vynBXATdodoFA,spotify:track:2mPttlXW7vynBXATdodoFA,https://api.spotify.com/v1/tracks/2mPttlXW7vynBXATdodoFA,https://api.spotify.com/v1/audio-analysis/2mPttlXW7vynBXATdodoFA,257254,4
0.301,0.844,9,-7.655,0,0.0647,0.0341,0.0000323,0.519,0.278,132.148,audio_features,3FLzPCK9XYpNI2vi4ZR38X,spotify:track:3FLzPCK9XYpNI2vi4ZR38X,https://api.spotify.com/v1/tracks/3FLzPCK9XYpNI2vi4ZR38X,https://api.spotify.com/v1/audio-analysis/3FLzPCK9XYpNI2vi4ZR38X,231079,4
0.361,0.795,4,-4.319,1,0.0351,0.32,0,0.271,0.678,142.943,audio_features,4MnCuV2RM6OwyKNBdimy7g,spotify:track:4MnCuV2RM6OwyKNBdimy7g,https://api.spotify.com/v1/tracks/4MnCuV2RM6OwyKNBdimy7g,https://api.spotify.com/v1/audio-analysis/4MnCuV2RM6OwyKNBdimy7g,282540,4
0.459,0.792,4,-6.531,0,0.0577,0.0456,0.0000134,0.18,0.726,104.532,audio_features,7HV9chJscuwONrIZp4FOgq,spotify:track:7HV9chJscuwONrIZp4FOgq,https://api.spotify.com/v1/tracks/7HV9chJscuwONrIZp4FOgq,https://api.spotify.com/v1/audio-analysis/7HV9chJscuwONrIZp4FOgq,214413,4
0.509,0.735,4,-7.433,0,0.0454,0.3,0.00000118,0.489,0.74,97.488,audio_features,4P6wPtSh9kSC12K6d81I3y,spotify:track:4P6wPtSh9kSC12K6d81I3y,https://api.spotify.com/v1/tracks/4P6wPtSh9kSC12K6d81I3y,https://api.spotify.com/v1/audio-analysis/4P6wPtSh9kSC12K6d81I3y,246178,4
0.207,0.821,2,-6.484,1,0.0622,0.0431,0.0000118,0.504,0.752,170.106,audio_features,1pTjOgIi0BvJw5a5AV8mfU,spotify:track:1pTjOgIi0BvJw5a5AV8mfU,https://api.spotify.com/v1/tracks/1pTjOgIi0BvJw5a5AV8mfU,https://api.spotify.com/v1/audio-analysis/1pTjOgIi0BvJw5a5AV8mfU,420546,4
0.389,0.834,11,-5.077,1,0.042,0.0826,0.000214,0.362,0.389,146.853,audio_features,5dbpW8KqJUp8qrf3FEHIlJ,spotify:track:5dbpW8KqJUp8qrf3FEHIlJ,https://api.spotify.com/v1/tracks/5dbpW8KqJUp8qrf3FEHIlJ,https://api.spotify.com/v1/audio-analysis/5dbpW8KqJUp8qrf3FEHIlJ,232186,4
0.498,0.944,11,-5.961,1,0.0438,0.632,0.00394,0.268,0.824,160.155,audio_features,1RwWt8HymGBe17xJbV4k2a,spotify:track:1RwWt8HymGBe17xJbV4k2a,https://api.spotify.com/v1/tracks/1RwWt8HymGBe17xJbV4k2a,https://api.spotify.com/v1/audio-analysis/1RwWt8HymGBe17xJbV4k2a,380066,4
0.286,0.834,7,-6.942,1,0.0535,0.171,0.000282,0.898,0.295,90.8,audio_features,3ROUNE5vmAKvyQNCIKaDfb,spotify:track:3ROUNE5vmAKvyQNCIKaDfb,https://api.spotify.com/v1/tracks/3ROUNE5vmAKvyQNCIKaDfb,https://api.spotify.com/v1/audio-analysis/3ROUNE5vmAKvyQNCIKaDfb,421982,4
0.815,0.66,5,-2.921,1,0.0289,0.64,0,0.0644,0.935,125.973,audio_features,0OxdOvCm6p0zgdqLUeXIWa,spotify:track:0OxdOvCm6p0zgdqLUeXIWa,https://api.spotify.com/v1/tracks/0OxdOvCm6p0zgdqLUeXIWa,https://api.spotify.com/v1/audio-analysis/0OxdOvCm6p0zgdqLUeXIWa,237529,4
0.696,0.529,7,-5.103,0,0.0259,0.0489,0.0000274,0.116,0.353,115.031,audio_features,5lXyGXGtnlQ1iYpbzjK4xJ,spotify:track:5lXyGXGtnlQ1iYpbzjK4xJ,https://api.spotify.com/v1/tracks/5lXyGXGtnlQ1iYpbzjK4xJ,https://api.spotify.com/v1/audio-analysis/5lXyGXGtnlQ1iYpbzjK4xJ,309150,4
0.698,0.672,6,-4.911,0,0.0554,0.282,0,0.102,0.719,165.111,audio_features,4umGQMLsJIBmAp0MP3R1uS,spotify:track:4umGQMLsJIBmAp0MP3R1uS,https://api.spotify.com/v1/tracks/4umGQMLsJIBmAp0MP3R1uS,https://api.spotify.com/v1/audio-analysis/4umGQMLsJIBmAp0MP3R1uS,316418,4
0.696,0.862,2,-2.833,1,0.0296,0.521,0,0.328,0.939,151.964,audio_features,5wbShVBQVzJuFzMU0Fyet6,spotify:track:5wbShVBQVzJuFzMU0Fyet6,https://api.spotify.com/v1/tracks/5wbShVBQVzJuFzMU0Fyet6,https://api.spotify.com/v1/audio-analysis/5wbShVBQVzJuFzMU0Fyet6,205595,4
0.676,0.602,10,-5.206,0,0.0266,0.16,0.00000121,0.144,0.288,125.013,audio_features,54SIwFeSWFWSc6dBzqBPA6,spotify:track:54SIwFeSWFWSc6dBzqBPA6,https://api.spotify.com/v1/tracks/54SIwFeSWFWSc6dBzqBPA6,https://api.spotify.com/v1/audio-analysis/54SIwFeSWFWSc6dBzqBPA6,321360,4
0.432,0.77,4,-4.448,0,0.0295,0.474,0.0000212,0.104,0.81,142.469,audio_features,7JQas0bS73ZbmSxhYrNJrU,spotify:track:7JQas0bS73ZbmSxhYrNJrU,https://api.spotify.com/v1/tracks/7JQas0bS73ZbmSxhYrNJrU,https://api.spotify.com/v1/audio-analysis/7JQas0bS73ZbmSxhYrNJrU,332974,4
0.621,0.656,9,-6.146,0,0.0273,0.448,0.00245,0.0879,0.885,149.968,audio_features,53eBa428a7KEVtlHKrhW6m,spotify:track:53eBa428a7KEVtlHKrhW6m,https://api.spotify.com/v1/tracks/53eBa428a7KEVtlHKrhW6m,https://api.spotify.com/v1/audio-analysis/53eBa428a7KEVtlHKrhW6m,277200,4
0.627,0.667,7,-3.791,1,0.0264,0.245,0.00000496,0.163,0.717,144.974,audio_features,68Bu8GndDpA0fsJIlJLy2D,spotify:track:68Bu8GndDpA0fsJIlJLy2D,https://api.spotify.com/v1/tracks/68Bu8GndDpA0fsJIlJLy2D,https://api.spotify.com/v1/audio-analysis/68Bu8GndDpA0fsJIlJLy2D,223887,4
0.623,0.865,2,-5.465,1,0.0418,0.207,0.00000183,0.165,0.73,149.938,audio_features,3G9WiZA7EeakgHl2lE62lp,spotify:track:3G9WiZA7EeakgHl2lE62lp,https://api.spotify.com/v1/tracks/3G9WiZA7EeakgHl2lE62lp,https://api.spotify.com/v1/audio-analysis/3G9WiZA7EeakgHl2lE62lp,266672,4
0.613,0.674,7,-8.457,0,0.188,0.241,0,0.0901,0.482,171.941,audio_features,5zh2dBPNgfM6CsahSzTNhE,spotify:track:5zh2dBPNgfM6CsahSzTNhE,https://api.spotify.com/v1/tracks/5zh2dBPNgfM6CsahSzTNhE,https://api.spotify.com/v1/audio-analysis/5zh2dBPNgfM6CsahSzTNhE,257483,4
0.685,0.712,7,-6.194,0,0.037,0.379,0.0000074,0.32,0.325,140.938,audio_features,1U0ji4vqnlAcnw7OnyeFHi,spotify:track:1U0ji4vqnlAcnw7OnyeFHi,https://api.spotify.com/v1/tracks/1U0ji4vqnlAcnw7OnyeFHi,https://api.spotify.com/v1/audio-analysis/1U0ji4vqnlAcnw7OnyeFHi,246170,4
0.611,0.854,2,-3.89,0,0.0345,0.135,0,0.048,0.8,92.983,audio_features,65XORQy4wkDqspG41rkrzy,spotify:track:65XORQy4wkDqspG41rkrzy,https://api.spotify.com/v1/tracks/65XORQy4wkDqspG41rkrzy,https://api.spotify.com/v1/audio-analysis/65XORQy4wkDqspG41rkrzy,326833,4
0.572,0.77,3,-4.397,0,0.0303,0.355,0.00000323,0.138,0.855,161.912,audio_features,4I6YuFtzjkjmZUoE7vKpfK,spotify:track:4I6YuFtzjkjmZUoE7vKpfK,https://api.spotify.com/v1/tracks/4I6YuFtzjkjmZUoE7vKpfK,https://api.spotify.com/v1/audio-analysis/4I6YuFtzjkjmZUoE7vKpfK,271000,4
0.654,0.881,0,-5.302,1,0.0325,0.182,0.0000414,0.136,0.895,158.873,audio_features,2HI2IEZ2sa3lOsXOsKW9GW,spotify:track:2HI2IEZ2sa3lOsXOsKW9GW,https://api.spotify.com/v1/tracks/2HI2IEZ2sa3lOsXOsKW9GW,https://api.spotify.com/v1/audio-analysis/2HI2IEZ2sa3lOsXOsKW9GW,258911,4
0.614,0.821,6,-4.303,0,0.0315,0.206,0.00000337,0.316,0.634,164.97,audio_features,4uCcTSfkb6oeuEoG08Sfxe,spotify:track:4uCcTSfkb6oeuEoG08Sfxe,https://api.spotify.com/v1/tracks/4uCcTSfkb6oeuEoG08Sfxe,https://api.spotify.com/v1/audio-analysis/4uCcTSfkb6oeuEoG08Sfxe,271456,4
0.394,0.745,7,-6.689,1,0.0516,0.222,0.00000127,0.151,0.671,146.285,audio_features,2AHDxPj1FbErU0VnjvZWBh,spotify:track:2AHDxPj1FbErU0VnjvZWBh,https://api.spotify.com/v1/tracks/2AHDxPj1FbErU0VnjvZWBh,https://api.spotify.com/v1/audio-analysis/2AHDxPj1FbErU0VnjvZWBh,335256,4
0.585,0.893,6,-8.066,0,0.0406,0.0291,0.617,0.415,0.7,92.481,audio_features,01RxPYsv9wx7j92fZ8lEgI,spotify:track:01RxPYsv9wx7j92fZ8lEgI,https://api.spotify.com/v1/tracks/01RxPYsv9wx7j92fZ8lEgI,https://api.spotify.com/v1/audio-analysis/01RxPYsv9wx7j92fZ8lEgI,303056,4
0.56,0.751,5,-6.679,0,0.0334,0.488,0.0000549,0.662,0.853,135.099,audio_features,2wKYjazWRNp368JHWijbrG,spotify:track:2wKYjazWRNp368JHWijbrG,https://api.spotify.com/v1/tracks/2wKYjazWRNp368JHWijbrG,https://api.spotify.com/v1/audio-analysis/2wKYjazWRNp368JHWijbrG,366747,4
0.299,0.711,2,-9.893,1,0.0308,0.109,0.00000258,0.102,0.652,153.64,audio_features,466zuQLl9QCX1q7sTE5IxJ,spotify:track:466zuQLl9QCX1q7sTE5IxJ,https://api.spotify.com/v1/tracks/466zuQLl9QCX1q7sTE5IxJ,https://api.spotify.com/v1/audio-analysis/466zuQLl9QCX1q7sTE5IxJ,362240,4
0.463,0.694,11,-7.167,0,0.0358,0.553,0.000244,0.559,0.827,139.381,audio_features,2Ty2xPSF4uPd1wq0ZNBlLb,spotify:track:2Ty2xPSF4uPd1wq0ZNBlLb,https://api.spotify.com/v1/tracks/2Ty2xPSF4uPd1wq0ZNBlLb,https://api.spotify.com/v1/audio-analysis/2Ty2xPSF4uPd1wq0ZNBlLb,219429,4
0.369,0.459,4,-11.147,1,0.0509,0.226,0.00000194,0.404,0.587,134.295,audio_features,2io1N22kYz6MYzxa9qd2xc,spotify:track:2io1N22kYz6MYzxa9qd2xc,https://api.spotify.com/v1/tracks/2io1N22kYz6MYzxa9qd2xc,https://api.spotify.com/v1/audio-analysis/2io1N22kYz6MYzxa9qd2xc,349362,4
0.318,0.713,2,-6.141,0,0.0311,0.731,0.0086,0.192,0.368,141.518,audio_features,2yAeFNWFKFJn62gU57a0Jo,spotify:track:2yAeFNWFKFJn62gU57a0Jo,https://api.spotify.com/v1/tracks/2yAeFNWFKFJn62gU57a0Jo,https://api.spotify.com/v1/audio-analysis/2yAeFNWFKFJn62gU57a0Jo,220709,4
0.361,0.84,0,-6.846,0,0.0362,0.513,0.0000261,0.394,0.923,147.133,audio_features,4ozcaTvzsuWYE6sBygJjTB,spotify:track:4ozcaTvzsuWYE6sBygJjTB,https://api.spotify.com/v1/tracks/4ozcaTvzsuWYE6sBygJjTB,https://api.spotify.com/v1/audio-analysis/4ozcaTvzsuWYE6sBygJjTB,222517,4
